1|1|2009-09-25T02:22:48-07:00|adipiscing non, luctus sit amet, faucibus|dignissim
2|0|2009-07-27T12:40:44-07:00|sem ut cursus luctus,|vel
3|0|2010-06-02T20:44:21-07:00|rutrum, justo. Praesent luctus. Curabitur egestas nunc sed|erat,
4|0|2009-08-21T19:57:46-07:00|In condimentum. Donec at arcu. Vestibulum ante ipsum primis in|Donec
5|1|2011-02-17T16:01:34-08:00|sit amet orci. Ut sagittis|massa
6|1|2010-06-04T22:51:05-07:00|Aenean massa.|nec
7|0|2009-12-16T19:23:28-08:00|non quam. Pellentesque habitant morbi tristique|ipsum
8|1|2009-12-31T07:28:36-08:00|molestie|Nulla
9|1|2009-07-12T06:53:19-07:00|ullamcorper magna. Sed eu eros. Nam consequat dolor vitae|Quisque
10|0|2010-01-15T17:18:03-08:00|primis in faucibus|quis,
11|0|2009-08-23T03:44:38-07:00|lobortis. Class aptent taciti sociosqu ad litora torquent|vehicula.
12|1|2009-10-08T10:21:36-07:00|Nulla aliquet. Proin velit. Sed malesuada augue ut lacus. Nulla|Donec
13|0|2010-04-12T06:00:42-07:00|ornare, lectus ante dictum mi, ac mattis velit justo|nisl
14|0|2010-10-25T07:51:36-07:00|est|auctor
15|1|2010-08-07T23:11:52-07:00|volutpat nunc sit amet|dui
16|0|2011-03-22T16:15:31-07:00|metus urna convallis|dolor
17|0|2011-01-23T23:17:55-08:00|tincidunt pede ac urna. Ut tincidunt vehicula risus.|Sed
18|1|2010-03-19T12:25:58-07:00|egestas. Aliquam fringilla|eget
19|0|2010-10-31T12:18:26-07:00|ultrices a,|a,
20|0|2010-04-06T12:00:56-07:00|Donec egestas. Aliquam nec enim. Nunc ut erat.|Proin
21|1|2011-02-25T19:25:08-08:00|Praesent|nulla.
22|0|2010-07-30T03:42:14-07:00|risus.|congue,
23|0|2010-08-16T03:25:31-07:00|ut, pharetra sed, hendrerit a, arcu. Sed et|a,
24|0|2010-02-08T11:11:43-08:00|placerat eget, venenatis a, magna. Lorem|nec
25|0|2010-07-03T16:58:55-07:00|mi enim, condimentum eget, volutpat ornare, facilisis eget, ipsum.|eget,
26|0|2010-02-20T03:11:01-08:00|rutrum lorem|nibh.
27|0|2011-04-27T08:24:40-07:00|Duis volutpat nunc sit amet metus. Aliquam|Nullam
28|0|2010-12-19T20:53:42-08:00|dictum mi, ac mattis velit justo nec ante. Maecenas mi|non
29|1|2010-01-29T00:54:55-08:00|libero. Proin sed turpis nec|non
30|1|2011-01-22T20:05:17-08:00|iaculis, lacus pede sagittis augue,|mollis
31|0|2010-03-17T19:52:56-07:00|Donec tempus, lorem fringilla ornare placerat, orci lacus vestibulum|nibh.
32|0|2009-06-07T20:32:13-07:00|neque. Nullam nisl. Maecenas malesuada|neque.
33|0|2009-09-01T13:54:29-07:00|dolor. Quisque tincidunt pede ac urna. Ut tincidunt|ipsum.
34|1|2010-01-31T02:41:45-08:00|sem eget massa. Suspendisse|Mauris
35|0|2009-11-27T23:48:51-08:00|ultricies ligula. Nullam|Nulla
36|0|2010-10-03T18:32:52-07:00|dui, semper et, lacinia vitae,|placerat,
37|1|2009-07-21T14:41:45-07:00|lacinia vitae, sodales at, velit. Pellentesque ultricies dignissim lacus.|accumsan
38|0|2010-02-14T16:32:20-08:00|at, velit.|pretium
39|1|2009-09-28T01:22:07-07:00|in|Nullam
40|0|2010-12-03T01:13:47-08:00|nibh. Quisque nonummy|vel
41|1|2011-05-10T09:34:01-07:00|risus. Nulla|amet
42|0|2010-05-18T18:03:09-07:00|convallis dolor. Quisque tincidunt pede|placerat.
43|1|2009-07-16T17:28:51-07:00|Maecenas mi felis, adipiscing fringilla, porttitor|nec,
44|0|2009-06-17T08:49:13-07:00|orci luctus et|non,
45|0|2010-10-31T11:19:50-07:00|ut odio vel est tempor bibendum.|placerat.
46|1|2009-12-17T04:08:16-08:00|sem, vitae aliquam eros turpis non enim. Mauris|erat
47|1|2010-03-20T01:15:34-07:00|Integer|Class
48|0|2009-06-04T19:47:01-07:00|risus odio, auctor|Aliquam
49|0|2009-11-05T05:38:44-08:00|nonummy.|quam.
50|0|2011-03-09T10:10:12-08:00|Nulla dignissim. Maecenas|aliquet
51|1|2010-01-21T22:54:20-08:00|luctus, ipsum leo elementum|quam.
52|1|2010-07-13T23:16:14-07:00|Sed pharetra, felis eget|Sed
53|1|2011-04-02T13:51:32-07:00|arcu. Morbi sit|vel
54|0|2010-04-16T03:40:00-07:00|dui. Fusce aliquam, enim nec|egestas.
55|1|2011-01-13T08:00:59-08:00|dictum. Proin eget odio. Aliquam vulputate ullamcorper|blandit.
56|1|2009-07-18T02:31:31-07:00|euismod|dictum
57|0|2010-06-08T15:34:36-07:00|convallis convallis dolor. Quisque tincidunt|Sed
58|1|2010-05-19T20:07:34-07:00|pretium neque. Morbi quis urna.|tempor,
59|1|2011-01-11T04:53:20-08:00|vel arcu eu odio tristique pharetra. Quisque ac libero|diam.
60|0|2009-06-05T09:01:53-07:00|semper cursus.|in
61|0|2010-04-17T23:46:42-07:00|luctus vulputate, nisi sem|orci.
62|1|2010-04-21T09:14:22-07:00|ridiculus mus. Proin vel|tristique
63|1|2011-03-16T11:44:39-07:00|mauris sit amet lorem semper|mauris
64|1|2009-08-12T03:29:48-07:00|elit. Aliquam auctor, velit eget|erat,
65|1|2010-05-24T07:07:41-07:00|Duis|Cum
66|0|2011-01-01T04:52:11-08:00|tortor. Integer aliquam adipiscing lacus. Ut nec urna et|nec,
67|1|2010-11-17T17:59:13-08:00|augue porttitor interdum. Sed|Proin
68|1|2011-01-19T22:38:08-08:00|Mauris quis turpis vitae purus gravida|ornare,
69|1|2009-09-25T10:41:49-07:00|egestas,|tincidunt.
70|0|2009-12-26T06:05:08-08:00|turpis egestas. Fusce aliquet magna a neque. Nullam|sem
71|0|2011-02-20T20:48:38-08:00|urna suscipit nonummy.|orci.
72|1|2010-04-05T10:56:23-07:00|et magnis dis|eu,
73|0|2010-03-13T21:54:00-08:00|erat. Etiam vestibulum massa rutrum|venenatis
74|0|2009-07-01T15:15:22-07:00|Duis|eget
75|0|2011-03-03T09:00:07-08:00|eu, accumsan sed,|ultrices.
76|1|2011-03-15T02:47:20-07:00|mollis dui, in|Nunc
77|0|2009-11-05T00:24:08-08:00|dolor elit,|nisi
78|1|2010-10-11T21:05:54-07:00|Cras pellentesque. Sed dictum. Proin|dui.
79|1|2009-05-24T04:25:57-07:00|pede. Cras vulputate velit|a,
80|1|2010-10-14T18:59:13-07:00|ante dictum|Etiam
81|1|2011-01-10T00:37:26-08:00|quis massa. Mauris vestibulum, neque sed dictum eleifend, nunc risus|adipiscing
82|1|2010-09-12T20:02:30-07:00|cursus. Integer mollis.|dui,
83|0|2009-08-12T02:58:50-07:00|euismod mauris|quis
84|0|2009-06-27T09:45:11-07:00|non|ante
85|0|2010-09-23T19:08:35-07:00|mi enim, condimentum eget,|sagittis
86|1|2009-07-15T00:38:33-07:00|dolor egestas rhoncus. Proin nisl|in
87|1|2009-11-11T19:58:59-08:00|Cras|justo
88|0|2010-01-01T03:38:09-08:00|neque. Nullam ut nisi a odio semper cursus. Integer mollis.|eu
89|1|2010-12-07T14:41:26-08:00|Pellentesque ut ipsum ac mi eleifend|Suspendisse
90|1|2011-01-19T09:58:54-08:00|lacus. Mauris non dui nec urna suscipit nonummy. Fusce|ut,
91|0|2011-01-07T04:37:28-08:00|convallis, ante lectus convallis est,|urna.
92|0|2011-05-01T03:04:08-07:00|in, dolor. Fusce feugiat. Lorem|libero.
93|1|2009-11-12T05:22:51-08:00|Proin dolor. Nulla|convallis
94|1|2009-12-01T13:07:33-08:00|fermentum|sit
95|0|2009-12-31T03:33:06-08:00|Etiam ligula tortor,|quis
96|0|2009-07-14T05:42:10-07:00|metus. In nec orci. Donec nibh. Quisque nonummy ipsum|egestas.
97|0|2010-01-04T04:39:50-08:00|Aliquam gravida mauris ut mi. Duis risus odio, auctor vitae,|arcu.
98|1|2010-12-07T14:52:50-08:00|adipiscing. Mauris|pede
99|1|2010-04-12T02:58:42-07:00|eu elit. Nulla facilisi. Sed neque. Sed eget|mollis.
100|0|2010-08-11T06:58:50-07:00|nascetur ridiculus|Aliquam
101|0|2010-07-10T23:03:26-07:00|nulla ante, iaculis nec, eleifend|suscipit
102|0|2010-02-22T00:43:00-08:00|Vivamus rhoncus. Donec est. Nunc ullamcorper, velit in|tellus.
103|0|2011-01-29T06:35:27-08:00|mauris erat eget ipsum. Suspendisse|Aenean
104|0|2010-07-25T10:12:24-07:00|pede, ultrices a, auctor non, feugiat nec, diam. Duis|Curabitur
105|1|2010-03-07T03:33:55-08:00|mauris erat eget|vestibulum.
106|0|2009-10-27T00:01:32-07:00|vitae|arcu.
107|1|2010-07-19T02:45:16-07:00|sem ut cursus luctus, ipsum leo elementum|non
108|1|2011-01-09T13:38:13-08:00|Nam nulla magna, malesuada vel, convallis in, cursus et,|nec,
109|0|2009-12-01T13:56:02-08:00|arcu. Sed eu nibh vulputate|quis
110|0|2010-06-18T09:21:28-07:00|eu elit. Nulla|elit,
111|1|2009-05-24T22:50:06-07:00|neque. Nullam nisl. Maecenas malesuada fringilla est. Mauris eu turpis.|Cras
112|1|2010-04-24T10:13:55-07:00|Donec est. Nunc ullamcorper, velit in aliquet|tempor
113|1|2010-08-06T08:23:46-07:00|lorem vitae odio sagittis semper.|purus.
114|0|2010-06-26T02:56:50-07:00|sed turpis nec mauris blandit mattis.|sapien
115|0|2011-05-01T09:50:53-07:00|Vestibulum ante ipsum primis in faucibus orci|sem
116|1|2011-02-27T08:21:35-08:00|vel|mi
117|0|2011-03-27T17:18:46-07:00|risus. Donec nibh enim, gravida sit amet, dapibus id,|placerat,
118|0|2009-05-24T08:38:52-07:00|erat neque non quam. Pellentesque habitant morbi tristique|Donec
119|1|2009-07-25T02:29:47-07:00|Nullam vitae diam.|Fusce
120|1|2010-11-14T10:25:09-08:00|ac turpis egestas. Fusce aliquet|sem
121|1|2009-06-09T18:01:14-07:00|ligula. Aliquam|urna
122|1|2010-11-26T03:07:14-08:00|Donec dignissim magna a tortor. Nunc commodo auctor velit. Aliquam|Nulla
123|1|2011-01-25T12:41:49-08:00|porta elit, a feugiat tellus lorem eu metus. In lorem.|enim.
124|0|2010-07-21T11:29:28-07:00|Fusce diam|tellus.
125|1|2010-01-05T16:35:49-08:00|sodales. Mauris blandit enim consequat|adipiscing
126|0|2009-08-16T11:39:34-07:00|lacus|commodo
127|0|2010-05-20T04:55:06-07:00|erat volutpat. Nulla dignissim. Maecenas|ut,
128|1|2009-12-01T08:03:13-08:00|erat. Sed nunc est, mollis|in
129|1|2009-07-08T03:09:38-07:00|amet lorem semper auctor. Mauris|nisi.
130|0|2010-06-18T20:45:07-07:00|nec, mollis vitae, posuere at, velit. Cras lorem lorem,|eu
131|1|2009-07-03T12:02:48-07:00|felis.|mi
132|0|2010-09-01T04:40:31-07:00|justo eu|Nam
133|1|2010-03-26T17:18:57-07:00|sollicitudin a, malesuada id, erat.|mollis
134|0|2010-06-21T02:23:39-07:00|fringilla ornare placerat, orci lacus vestibulum lorem,|Donec
135|0|2009-11-01T00:31:21-07:00|ipsum|laoreet
136|0|2011-01-01T13:32:46-08:00|elit.|sapien.
137|0|2011-02-21T16:53:33-08:00|Fusce mi lorem, vehicula et, rutrum eu, ultrices sit amet,|accumsan
138|1|2010-03-13T16:31:49-08:00|mi, ac mattis velit justo nec ante. Maecenas|Donec
139|1|2010-04-22T00:01:31-07:00|lectus convallis|aliquam
140|0|2010-12-02T23:31:14-08:00|orci. Donec nibh. Quisque nonummy ipsum non arcu.|volutpat
141|0|2010-06-09T02:47:54-07:00|pede nec|ullamcorper,
142|1|2009-11-15T01:48:28-08:00|elit, pellentesque a, facilisis|erat,
143|0|2009-05-28T05:49:55-07:00|accumsan laoreet ipsum. Curabitur|in,
144|0|2009-09-24T18:06:01-07:00|enim nisl elementum purus, accumsan interdum libero|mauris
145|1|2009-06-24T06:51:23-07:00|condimentum. Donec at arcu. Vestibulum ante|sagittis
146|0|2011-01-20T00:24:24-08:00|amet lorem semper auctor. Mauris vel turpis.|tincidunt
147|1|2010-06-04T05:30:09-07:00|non nisi. Aenean eget metus. In nec|at,
148|0|2010-10-10T03:15:19-07:00|enim. Curabitur|natoque
149|0|2010-02-04T07:33:11-08:00|Nullam velit dui, semper et, lacinia|aliquam
150|1|2010-11-17T04:59:30-08:00|vestibulum nec, euismod in, dolor. Fusce feugiat. Lorem|vel
151|0|2010-06-14T16:36:20-07:00|diam dictum sapien. Aenean massa. Integer vitae nibh. Donec|neque
152|1|2010-07-05T11:00:32-07:00|risus quis|amet
153|1|2010-11-13T03:09:42-08:00|nec metus facilisis lorem tristique aliquet. Phasellus fermentum convallis ligula.|et
154|1|2009-10-04T05:57:18-07:00|sed, hendrerit a, arcu. Sed et libero. Proin mi. Aliquam|Cras
155|1|2009-12-06T10:27:11-08:00|Sed|pede.
156|0|2011-01-03T18:41:00-08:00|Aliquam nisl. Nulla eu|penatibus
157|1|2010-01-07T00:29:08-08:00|est|a
158|1|2010-11-18T13:42:49-08:00|egestas. Aliquam nec enim. Nunc ut|pede
159|0|2010-10-04T19:25:35-07:00|facilisis eget, ipsum.|Fusce
160|0|2009-07-15T09:50:50-07:00|faucibus. Morbi vehicula. Pellentesque tincidunt tempus|sit
161|1|2010-09-23T01:49:00-07:00|Quisque|Nulla
162|0|2010-03-21T13:32:03-07:00|tellus faucibus leo, in lobortis tellus justo sit amet|iaculis
163|1|2010-03-09T22:29:52-08:00|a|enim.
164|0|2009-11-22T22:21:53-08:00|nec ante blandit viverra.|Vivamus
165|0|2011-01-20T20:25:13-08:00|malesuada ut, sem.|ut,
166|1|2010-10-10T14:17:43-07:00|nonummy ipsum non|mi
167|1|2010-08-31T12:23:41-07:00|lacus. Aliquam rutrum lorem ac|a
168|1|2010-02-12T04:24:29-08:00|nulla. Integer vulputate, risus a ultricies adipiscing,|Nullam
169|1|2009-07-13T11:35:01-07:00|Vestibulum ante ipsum primis in faucibus orci luctus|montes,
170|1|2010-12-25T06:55:10-08:00|Donec sollicitudin adipiscing ligula.|nec,
171|0|2010-04-21T01:31:24-07:00|a|In
172|0|2010-07-03T16:54:17-07:00|purus. Maecenas libero est,|pellentesque,
173|1|2011-01-21T12:48:21-08:00|laoreet posuere, enim nisl|eu
174|1|2011-03-26T22:04:46-07:00|interdum|aliquam
175|0|2009-05-25T18:58:44-07:00|Nulla eget|aliquet
176|1|2010-02-06T22:55:05-08:00|malesuada id, erat. Etiam vestibulum massa rutrum magna. Cras convallis|sollicitudin
177|1|2010-03-22T04:20:33-07:00|eget metus. In nec orci. Donec nibh. Quisque|ornare,
178|0|2011-01-29T22:52:01-08:00|purus. Nullam scelerisque neque sed|tempus
179|0|2011-03-18T13:57:57-07:00|sapien molestie orci tincidunt adipiscing. Mauris|in
180|1|2011-04-12T17:50:25-07:00|ante. Nunc mauris sapien, cursus|nec
181|1|2010-05-26T18:37:01-07:00|leo. Vivamus nibh dolor, nonummy ac,|vel
182|1|2010-11-23T01:22:11-08:00|ligula eu enim. Etiam imperdiet dictum magna. Ut|sodales.
183|1|2010-08-29T02:46:12-07:00|penatibus et magnis dis parturient montes, nascetur|vestibulum.
184|1|2010-06-10T15:53:51-07:00|Proin mi. Aliquam gravida mauris ut mi.|in
185|0|2010-11-07T07:18:41-08:00|non,|lectus
186|0|2010-01-13T03:42:05-08:00|sed, hendrerit a, arcu. Sed|nulla.
187|1|2009-06-23T15:23:51-07:00|ultricies sem magna|lorem
188|1|2010-07-05T21:46:32-07:00|et magnis dis|eu,
189|1|2009-10-28T13:10:33-07:00|nibh dolor, nonummy|ac
190|1|2010-11-19T17:52:51-08:00|ante blandit viverra. Donec tempus, lorem|risus,
191|0|2010-01-20T08:23:24-08:00|Mauris nulla. Integer urna.|orci,
192|1|2010-03-28T19:05:59-07:00|ac mattis velit justo|Maecenas
193|0|2010-10-08T16:11:32-07:00|ultricies adipiscing, enim mi tempor|Proin
194|1|2011-03-20T12:42:50-07:00|ac metus vitae velit egestas lacinia. Sed congue, elit|vulputate
195|0|2010-10-13T01:54:17-07:00|dis parturient montes, nascetur ridiculus|fringilla
196|1|2010-10-21T13:14:49-07:00|Quisque porttitor eros nec tellus. Nunc lectus pede, ultrices a,|lorem,
197|0|2010-03-31T20:27:04-07:00|sit amet, consectetuer|mollis.
198|1|2010-02-11T04:31:19-08:00|sapien. Nunc pulvinar arcu et pede. Nunc|dui.
199|1|2011-02-21T18:36:28-08:00|tristique neque venenatis lacus. Etiam|pede.
200|1|2009-08-08T03:54:57-07:00|ligula consectetuer rhoncus. Nullam velit dui,|Duis

